NUM_APA;UPLOAD_DATE
90173863;30/09/26
84256196;30/09/26
90173758;30/09/26
84255535;30/09/26
33003499;30/09/26
84102616;30/09/26
84256230;30/09/26
84252073;30/09/26
90173835;30/09/26
84149926;30/09/26
84252193;30/09/26
84256162;30/09/26
90173686;30/09/26
84256257;30/09/26
84102524;30/09/26
90173836;30/09/26
90173736;30/09/26
90173756;30/09/26
90173762;30/09/26
90173687;30/09/26
90173685;30/09/26
84102392;30/09/26
90173760;30/09/26
90173689;30/09/26
84252175;30/09/26
84252107;30/09/26
84252230;30/09/26
90173860;30/09/26
84252648;30/09/26
84255886;30/09/26
84256186;30/09/26
36000962;30/09/26
84255797;30/09/26
84256246;30/09/26
90173741;30/09/26
90173743;30/09/26
84119573;30/09/26
90173742;30/09/26
84238045;30/09/26
68013012;30/09/26
84252072;30/09/26
00062005;30/09/26
84251966;30/09/26
84256240;30/09/26
84256028;30/09/26
84252666;30/09/26
84237829;30/09/26
83672935;30/09/26
84252570;30/09/26
84252128;30/09/26
84119457;30/09/26
84252592;30/09/26
84252115;30/09/26
83672920;30/09/26
84255779;30/09/26
83672830;30/09/26
00020771;30/09/26
83672807;30/09/26
68019955;30/09/26
68042901;30/09/26
90173761;30/09/26
00062402;30/09/26
84252345;30/09/26
84255626;30/09/26
84252150;30/09/26
84149866;30/09/26
84252198;30/09/26
00062614;30/09/26
84255833;30/09/26
83672827;30/09/26
00020575;30/09/26
84256171;30/09/26
84237993;30/09/26
84102603;30/09/26
84102614;30/09/26
84102600;30/09/26
84237857;30/09/26
84256199;30/09/26
33009402;30/09/26
84102384;30/09/26
53080820;30/09/26
68019838;30/09/26
84102597;30/09/26
33009197;30/09/26
33009301;30/09/26
33009219;30/09/26
68019793;30/09/26
68013862;30/09/26
84102382;30/09/26
00062521;30/09/26
33009096;30/09/26
84255889;30/09/26
00062559;30/09/26
00062016;30/09/26
00020458;30/09/26
68019731;30/09/26
33009492;30/09/26
84149865;30/09/26
84252393;30/09/26
84149836;30/09/26
84149830;30/09/26
84255927;30/09/26
00020535;30/09/26
00061888;30/09/26
84255521;30/09/26
00062347;30/09/26
84256193;30/09/26
84119441;30/09/26
84256223;30/09/26
00062755;30/09/26
68012997;30/09/26
00061834;30/09/26
84252223;30/09/26
84237972;30/09/26
84252680;30/09/26
84237971;30/09/26
68013005;30/09/26
68019823;30/09/26
68042755;30/09/26
68019691;30/09/26
33009223;30/09/26
53080911;30/09/26
53078502;30/09/26
84102405;30/09/26
84119661;30/09/26
84149860;30/09/26
00020586;30/09/26
62020383;30/09/26
84255575;30/09/26
68042998;30/09/26
68013071;30/09/26
53080759;30/09/26
33009506;30/09/26
84252312;30/09/26
68042880;30/09/26
53119902;30/09/26
84255586;30/09/26
84255595;30/09/26
00062165;30/09/26
00062291;30/09/26
83672761;30/09/26
68042750;30/09/26
84255719;30/09/26
00062112;30/09/26
84119458;30/09/26
83672824;30/09/26
53119965;30/09/26
00062288;30/09/26
84252038;30/09/26
68042760;30/09/26
33009509;30/09/26
84252389;30/09/26
84252387;30/09/26
68035585;30/09/26
33009308;30/09/26
68042884;30/09/26
68042445;30/09/26
68035581;30/09/26
53119840;30/09/26
00062186;30/09/26
53119850;30/09/26
68042781;30/09/26
68013045;30/09/26
53080966;30/09/26
00062704;30/09/26
84252386;30/09/26
00020762;30/09/26
53080780;30/09/26
33009147;30/09/26
68013882;30/09/26
84237763;30/09/26
68013059;30/09/26
84252287;30/09/26
84252519;30/09/26
84149816;30/09/26
84252351;30/09/26
00062533;30/09/26
84255567;30/09/26
84256182;30/09/26
84256231;30/09/26
00062406;30/09/26
84237735;30/09/26
33009207;30/09/26
68042950;30/09/26
33009244;30/09/26
84102416;30/09/26
84252214;30/09/26
84255758;30/09/26
83672808;30/09/26
84255751;30/09/26
84252226;30/09/26
84102638;30/09/26
00062656;30/09/26
83672657;30/09/26
84256247;30/09/26
84252590;30/09/26
68019749;30/09/26
84102515;30/09/26
53080881;30/09/26
84237957;30/09/26
84119668;30/09/26
00062387;30/09/26
84256164;30/09/26
84237660;30/09/26
84255877;30/09/26
84255883;30/09/26
84256181;30/09/26
53119903;30/09/26
90173731;30/09/26
53080797;30/09/26
00062649;30/09/26
84149784;30/09/26
68019884;30/09/26
84255868;30/09/26
84237941;30/09/26
84252217;30/09/26
68035561;30/09/26
53080959;30/09/26
84119404;30/09/26
00062175;30/09/26
68042754;30/09/26
00062179;30/09/26
84237802;30/09/26
84255906;30/09/26
84252204;30/09/26
68019675;30/09/26
62020375;30/09/26
68019893;30/09/26
84252714;30/09/26
68019659;30/09/26
68013073;30/09/26
84237945;30/09/26
68042436;30/09/26
84102565;30/09/26
68019901;30/09/26
53119864;30/09/26
84102580;30/09/26
